Sn,Country,TotalCases,NewCases,TotalDeaths,NewDeaths,TotalRecovered,NewRecovered,ActiveCases,"Serious,Critical",Tot Cases/1M pop,Deaths/1M pop,TotalTests,Tests/,1M pop,Continent,Population
,,,,,,,,,,,,,,,,
1,USA,"31,248,944","4,305","566,692",81,"23,754,731",340,"6,927,521","8,740","93,994","1,705","405,102,008","1,218,506","332,457,943",North America,115871
,,,,,,,,,,,,,,,,
2,Brazil,"12,842,717",,"325,559",,"11,239,099",,"1,278,059","8,318","60,099","1,523","28,600,000","133,838","213,691,728",South America,176567
,,,,,,,,,,,,,,,,
3,India,"12,314,688","12,578","163,460",32,"11,527,784","4,900","623,444","8,944","8,858",118,"245,912,587","176,895","1,390,160,589",Asia,"11,385,056"
,,,,,,,,,,,,,,,,
4,France,"4,695,082",,"95,976",,"296,166",,"4,302,940","5,109","71,810","1,468","64,823,784","991,463","65,381,957",Europe,146811
,,,,,,,,,,,,,,,,
5,Russia,"4,563,056","8,792","99,633",400,"4,186,251","9,832","277,172","2,300","31,258",683,"120,900,000","828,187","145,981,477",Europe,"3,214,651"
,,,,,,,,,,,,,,,,
6,UK,"4,353,668","3,402","126,816",52,"3,860,174",,"366,678",517,"63,880","1,861","127,546,869","1,871,466","68,153,448",Europe,165371
,,,,,,,,,,,,,,,,
7,Italy,"3,607,083",,"109,847",,"2,933,757",,"563,479","3,681","59,725","1,819","50,258,742","832,167","60,394,983",Europe,175501
,,,,,,,,,,,,,,,,
8,Turkey,"3,357,988",,"31,713",,"3,035,043",,"291,232","2,135","39,497",373,"38,821,795","456,630","85,018,143",Asia,"2,526,812"
,,,,,,,,,,,,,,,,
9,Spain,"3,291,394",,"75,541",,"3,054,725",,"161,128","1,843","70,376","1,615","42,707,830","913,177","46,768,384",Europe,146191
,,,,,,,,,,,,,,,,
10,Germany,"2,860,178","6,041","77,300",56,"2,548,200","13,200","234,678","3,680","34,056",920,"50,399,177","600,097","83,985,015",Europe,"2,910,862"
,,,,,,,,,,,,,,,,
11,Colombia,"2,417,826",,"63,614",,"2,292,803",,"61,409","2,603","47,141","1,240","12,790,489","249,382","51,288,726",South America,218064
,,,,,,,,,,,,,,,,
12,Poland,"2,387,511","30,546","54,165",497,"1,911,249","29,070","422,097","3,157","63,136","1,432","12,246,907","323,860","37,815,450",Europe,166983
,,,,,,,,,,,,,,,,
13,Argentina,"2,363,251",,"55,941",,"2,112,266",,"195,044","3,639","51,932","1,229","8,932,772","196,297","45,506,307",South America,198135
,,,,,,,,,,,,,,,,
14,Mexico,"2,244,268","5,381","203,664",454,"1,777,697","4,461","262,907","4,798","17,271","1,567","6,110,815","47,026","129,946,482",North America,5863821
,,,,,,,,,,,,,,,,
15,Iran,"1,908,974","11,660","62,876",117,"1,633,949","7,805","212,149","4,500","22,512",741,"12,963,778","152,881","84,796,692",Asia,"4,413,497"
,,,,,,,,,,,,,,,,
16,Ukraine,"1,711,630","19,893","33,679",433,"1,333,370","10,287","344,581",177,"39,315",774,"8,238,849","189,243","43,535,903",Europe,"2,512,935"
,,,,,,,,,,,,,,,,
17,Peru,"1,561,723",,"52,161",,"1,476,782",,"32,780","2,065","46,877","1,566","9,394,499","281,989","33,315,068",South America,216394
,,,,,,,,,,,,,,,,
18,South Africa,"1,549,451",,"52,897",,"1,474,826",,"21,728",546,"25,881",884,"9,912,073","165,566","59,867,781",Africa,"3,911,326"
,,,,,,,,,,,,,,,,
19,Czechia,"1,545,865","6,207","26,765",83,"1,374,823",343,"144,277","1,563","144,151","2,496","12,937,735","1,206,439","10,723,900",Europe,74011
,,,,,,,,,,,,,,,,
20,Indonesia,"1,523,179","5,325","41,151",97,"1,361,017","5,439","121,011",,"5,525",149,"12,853,599","46,624","275,688,031",Asia,"181,669,921"
,,,,,,,,,,,,,,,,
21,Netherlands,"1,287,696","7,253","16,575",17,N/A,N/A,N/A,707,"75,026",966,"10,298,103","600,006","17,163,338",Europe,"1,310,352"
,,,,,,,,,,,,,,,,
22,Chile,"1,011,485","8,079","23,421",93,"942,413","5,692","45,651","2,804","52,574","1,217","11,352,049","590,051","19,239,097",South America,198212
,,,,,,,,,,,,,,,,
23,Canada,"987,918",,"23,002",,"915,348",,"49,568",704,"26,005",605,"27,770,015","730,983","37,989,974",North America,"3,816,521"
,,,,,,,,,,,,,,,,
24,Romania,"964,726","5,808","23,819",145,"862,137","5,732","78,770","1,454","50,401","1,244","7,400,084","386,608","19,141,028",Europe,208043
,,,,,,,,,,,,,,,,
25,Belgium,"887,920","5,467","23,045",29,"57,391",281,"807,484",755,"76,364","1,982","11,238,361","966,536","11,627,463",Europe,135051
,,,,,,,,,,,,,,,,
26,Iraq,"862,821","5,882","14,390",30,"768,215","4,119","80,216",478,"21,099",352,"8,122,169","198,613","40,894,377",Asia,"4,728,425"
,,,,,,,,,,,,,,,,
27,Israel,"833,707",251,"6,220",,"820,906",203,"6,581",368,"90,644",676,"13,576,884","1,476,135","9,197,590",Asia,"1,114,791"
,,,,,,,,,,,,,,,,
28,Portugal,"822,862",548,"16,868",9,"779,655",743,"26,339",131,"80,876","1,658","9,101,428","894,547","10,174,344",Europe,126031
,,,,,,,,,,,,,,,,
29,Sweden,"813,191",,"13,498",,N/A,N/A,N/A,319,"80,145","1,330","7,201,692","709,773","10,146,474",Europe,127521
,,,,,,,,,,,,,,,,
30,Philippines,"771,497","15,310","13,320",17,"604,368",434,"153,809",785,"6,971",120,"10,296,914","93,041","110,671,238",Asia,"143,830,911"
,,,,,,,,,,,,,,,,
31,Pakistan,"678,165","5,234","14,613",83,"607,205","1,931","56,347","3,384","3,026",65,"10,297,544","45,953","224,089,566",Asia,"3,301,533,522"
,,,,,,,,,,,,,,,,
32,Hungary,"670,776","9,055","21,262",267,"413,370","2,805","236,144","1,467","69,569","2,205","4,689,589","486,376","9,641,901",Europe,144532
,,,,,,,,,,,,,,,,
33,Bangladesh,"624,594","6,830","9,155",50,"547,411","2,473","68,028",,"3,764",55,"4,728,113","28,497","165,917,524",Asia,"2,661,812,335"
,,,,,,,,,,,,,,,,
34,Jordan,"622,833","4,774","7,039",99,"525,703","5,205","90,091",729,"60,593",685,"6,001,445","583,858","10,278,953",Asia,"1,714,602"
,,,,,,,,,,,,,,,,
35,Serbia,"610,232","4,826","5,384",39,"510,932","4,189","93,916",299,"70,054",618,"3,458,046","396,980","8,710,886",Europe,"1,416,183"
,,,,,,,,,,,,,,,,
36,Switzerland,"605,342","2,250","10,350",,"548,375",,"46,617",158,"69,563","1,189","6,126,488","704,028","8,702,049",Europe,148411
,,,,,,,,,,,,,,,,
37,Austria,"552,729","3,137","9,397",29,"506,675","2,946","36,657",535,"61,109","1,039","24,086,423","2,662,975","9,044,930",Europe,169630
,,,,,,,,,,,,,,,,
38,Morocco,"496,676",,"8,825",,"483,711",,"4,140",235,"13,338",237,"5,982,757","160,664","37,237,772",Africa,"7,542,206"
,,,,,,,,,,,,,,,,
39,Japan,"477,458","2,685","9,185",23,"447,715","1,299","20,558",394,"3,784",73,"9,941,638","78,786","126,185,196",Asia,"2,641,373,813"
,,,,,,,,,,,,,,,,
40,Lebanon,"471,962",,"6,286",,"373,833",,"91,843",952,"69,381",924,"3,581,760","526,540","6,802,440",Asia,"1,410,822"
,,,,,,,,,,,,,,,,
41,UAE,"465,939","2,180","1,502",3,"450,111","2,321","14,326",,"46,688",151,"38,080,645","3,815,785","9,979,768",Asia,"2,166,440"
,,,,,,,,,,,,,,,,
42,Saudi Arabia,"391,325",728,"6,684",8,"378,873",404,"5,768",735,"11,111",190,"15,245,394","432,878","35,218,720",Asia,"9,052,692"
,,,,,,,,,,,,,,,,
43,Slovakia,"363,874","1,385","9,877",87,"255,300",,"98,697",582,"66,624","1,808","2,373,463","434,571","5,461,629",Europe,155532
,,,,,,,,,,,,,,,,
44,Panama,"355,499",,"6,119",,"344,327",,"5,053",105,"81,434","1,402","2,164,688","495,865","4,365,482",North America,127132
,,,,,,,,,,,,,,,,
45,Malaysia,"347,972","1,294","1,283",5,"332,443","1,442","14,246",168,"10,649",39,"7,764,537","237,622","32,676,024",Asia,"94,254,684"
,,,,,,,,,,,,,,,,
46,Bulgaria,"346,327",,"13,313",,"262,095",,"70,919",747,"50,127","1,927","2,134,815","308,989","6,909,035",Europe,205193
,,,,,,,,,,,,,,,,
47,Ecuador,"330,388",,"16,877",,"281,684",,"31,827",562,"18,516",946,"1,147,695","64,321","17,843,138",South America,"54,105,716"
,,,,,,,,,,,,,,,,
48,Belarus,"324,694","1,651","2,267",10,"315,226","1,598","7,201",,"34,370",240,"5,406,567","572,306","9,446,987",Europe,"2,941,672"
,,,,,,,,,,,,,,,,
49,Georgia,"282,789",529,"3,798",13,"273,930",326,"5,061",,"70,992",953,"3,443,156","864,374","3,983,409",Asia,"1,410,491"
,,,,,,,,,,,,,,,,
50,Nepal,"277,640",179,"3,031",,"272,962",111,"1,647",,"9,403",103,"2,279,105","77,185","29,527,704",Asia,"106,974,213"
,,,,,,,,,,,,,,,,
51,Croatia,"276,416","2,362","5,996",29,"257,309","1,670","13,111",153,"67,646","1,467","1,568,027","383,737","4,086,201",Europe,156813
,,,,,,,,,,,,,,,,
52,Bolivia,"273,327",916,"12,280",23,"222,924",962,"38,123",71,"23,179","1,041","915,509","77,638","11,792,020",South America,4396013
,,,,,,,,,,,,,,,,
53,Greece,"270,230","3,058","8,232",72,"227,518",,"34,480",755,"26,022",793,"6,646,107","639,988","10,384,729",Europe,"3,812,622"
,,,,,,,,,,,,,,,,
54,Azerbaijan,"266,322","2,361","3,617",24,"239,807",822,"22,898",,"26,091",354,"2,901,160","284,215","10,207,610",Asia,"3,828,224"
,,,,,,,,,,,,,,,,
55,Tunisia,"255,308",,"8,843",,"217,928",,"28,537",325,"21,434",742,"1,115,541","93,655","11,911,166",Africa,"47,134,711"
,,,,,,,,,,,,,,,,
56,Dominican Republic,"253,196",,"3,330",,"212,818",,"37,048",154,"23,167",305,"1,311,788","120,025","10,929,334",North America,"4,332,828"
,,,,,,,,,,,,,,,,
57,Kazakhstan,"248,931","2,077","3,072",12,"221,347","1,034","24,512",221,"13,140",162,"8,669,927","457,644","18,944,679",Asia,"7,661,672"
,,,,,,,,,,,,,,,,
58,Palestine,"246,893","2,248","2,661",16,"217,224",,"27,008",209,"47,574",513,"1,557,769","300,168","5,189,658",Asia,"2,119,503"
,,,,,,,,,,,,,,,,
59,Ireland,"236,600",,"4,705",,"23,364",,"208,531",63,"47,519",945,"4,025,669","808,521","4,979,051",Europe,"2,110,581"
,,,,,,,,,,,,,,,,
60,Kuwait,"233,521",,"1,319",,"217,873",,"14,329",252,"54,084",305,"2,066,048","478,501","4,317,748",Asia,"1,832,742"
,,,,,,,,,,,,,,,,
61,Denmark,"231,973",708,"2,424",1,"220,354",659,"9,195",41,"39,944",417,"25,996,859","4,476,422","5,807,509",Europe,"2,523,960"
,,,,,,,,,,,,,,,,
62,Moldova,"231,756",,"5,003",,"209,907",,"16,846",331,"57,552","1,242","853,345","211,911","4,026,912",Europe,178055
,,,,,,,,,,,,,,,,
63,Slovenia,"218,114","1,169","4,063",9,"200,422",932,"13,629",118,"104,905","1,954","1,069,681","514,479","2,079,153",Europe,105122
,,,,,,,,,,,,,,,,
64,Lithuania,"217,865",810,"3,594",10,"200,266",499,"14,005",139,"80,882","1,334","2,382,096","884,351","2,693,609",Europe,127491
,,,,,,,,,,,,,,,,
65,Costa Rica,"216,764",,"2,957",,"192,699",,"21,108",163,"42,263",577,"811,544","158,228","5,128,949",North America,"2,417,356"
,,,,,,,,,,,,,,,,
66,Paraguay,"216,278",,"4,250",,"177,202",,"34,826",428,"30,047",590,"918,743","127,638","7,198,054",South America,"3,316,948"
,,,,,,,,,,,,,,,,
67,Ethiopia,"208,961",,"2,890",,"159,436",,"46,635",853,"1,785",25,"2,365,187","20,201","117,081,085",Africa,"5,604,051,250"
,,,,,,,,,,,,,,,,
68,Egypt,"202,843",,"12,041",,"155,016",,"35,786",90,"1,955",116,"2,506,788","24,156","103,773,526",Africa,"512,861,841"
,,,,,,,,,,,,,,,,
69,Armenia,"194,852","1,116","3,552",19,"174,545",864,"16,755",,"65,664","1,197","864,876","291,459","2,967,402",Asia,158353
,,,,,,,,,,,,,,,,
70,Guatemala,"194,756",,"6,860",,"177,964",,"9,932",5,"10,723",378,"1,052,595","57,954","18,162,709",North America,"93,264,817"
,,,,,,,,,,,,,,,,
71,Honduras,"189,726",683,"4,622",17,"73,308",576,"111,796",468,"18,931",461,"519,992","51,884","10,022,219",North America,"53,216,819"
,,,,,,,,,,,,,,,,
72,Qatar,"181,678",874,298,3,"165,003",459,"16,377",379,"64,705",106,"1,749,501","623,085","2,807,805",Asia,"1,594,222"
,,,,,,,,,,,,,,,,
73,Bosnia and Herzegovina,"173,478","2,154","6,763",88,"131,726",560,"34,989",,"53,125","2,071","802,118","245,638","3,265,450",Europe,194834
,,,,,,,,,,,,,,,,
74,Nigeria,"162,997",,"2,058",,"151,708",,"9,231",11,776,10,"1,767,694","8,420","209,938,714",Africa,"1,288,102,011,119"
,,,,,,,,,,,,,,,,
75,Venezuela,"161,751",,"1,615",,"148,656",,"11,480",198,"5,700",57,"3,359,014","118,378","28,375,334",South America,"175,175,708"
,,,,,,,,,,,,,,,,
76,Libya,"161,088","1,108","2,684",4,"148,288",424,"10,116",,"23,208",387,"871,524","125,560","6,941,123",Africa,"4,325,868"
,,,,,,,,,,,,,,,,
77,Oman,"160,018",,"1,681",,"144,639",,"13,698",160,"30,754",323,"1,550,000","297,895","5,203,170",Asia,"3,330,953"
,,,,,,,,,,,,,,,,
78,Bahrain,"145,380",,523,,"136,064",,"8,793",61,"83,296",300,"3,598,553","2,061,796","1,745,349",Asia,"1,233,370"
,,,,,,,,,,,,,,,,
79,Myanmar,"142,466",,"3,206",,"131,802",,"7,458",,"2,605",59,"2,539,586","46,442","54,683,190",Asia,"3,841,705,722"
,,,,,,,,,,,,,,,,
80,Kenya,"135,042",,"2,167",,"93,067",,"39,808",153,"2,471",40,"1,494,777","27,350","54,653,147",Africa,"4,052,522,137"
,,,,,,,,,,,,,,,,
81,North Macedonia,"131,424",,"3,810",,"107,740",,"19,874",124,"63,084","1,829","629,233","302,035","2,083,310",Europe,165473
,,,,,,,,,,,,,,,,
82,Albania,"125,506",,"2,241",,"91,875",,"31,390",18,"43,648",779,"557,421","193,856","2,875,435",Europe,"2,312,835"
,,,,,,,,,,,,,,,,
83,Algeria,"117,304",,"3,096",,"81,632",,"32,576",14,"2,640",70,"230,861","5,195","44,441,661",Africa,"37,914,355,193"
,,,,,,,,,,,,,,,,
84,Estonia,"108,418",901,922,14,"85,053","1,636","22,443",72,"81,689",695,"1,155,647","870,737","1,327,205",Europe,"1,214,391"
,,,,,,,,,,,,,,,,
85,Uruguay,"108,188",,"1,009",,"85,200",,"21,979",360,"31,064",290,"1,387,452","398,377","3,482,765",South America,"3,234,523"
,,,,,,,,,,,,,,,,
86,S. Korea,"104,194",555,"1,737",2,"95,861",422,"6,596",101,"2,031",34,"7,788,295","151,812","51,302,330",Asia,"492,295,357"
,,,,,,,,,,,,,,,,
87,Latvia,"103,588",587,"1,922",9,"94,101",,"7,565",77,"55,381","1,028","1,921,360","1,027,209","1,870,467",Europe,189731
,,,,,,,,,,,,,,,,
88,Norway,"97,152",691,673,,"80,023",,"16,456",63,"17,816",123,"4,701,414","862,170","5,452,999",Europe,"5,681,031"
,,,,,,,,,,,,,,,,
89,Sri Lanka,"92,917",,571,,"89,701",294,"2,645",,"4,326",27,"2,374,627","110,547","21,480,610",Asia,"231,376,199"
,,,,,,,,,,,,,,,,
90,Montenegro,"91,906",333,"1,296",10,"84,587",552,"6,023",69,"146,318","2,063","339,955","541,221","628,126",Europe,74852
,,,,,,,,,,,,,,,,
91,Ghana,"90,649",66,744,1,"88,159",94,"1,746",39,"2,873",24,"1,001,526","31,738","31,556,111",Africa,"3,484,241,432"
,,,,,,,,,,,,,,,,
92,Zambia,"88,730",181,"1,215",3,"84,825",127,"2,690",80,"4,728",65,"1,262,291","67,264","18,766,221",Africa,"2,111,544,515"
,,,,,,,,,,,,,,,,
93,Kyrgyzstan,"88,700",162,"1,500",,"84,979",82,"2,221",24,"13,430",227,"862,010","130,518","6,604,537",Asia,"7,444,038"
,,,,,,,,,,,,,,,,
94,Uzbekistan,"83,239",189,630,,"81,303",168,"1,306",23,"2,460",19,"1,377,915","40,729","33,831,575",Asia,"4,065,370,125"
,,,,,,,,,,,,,,,,
95,Finland,"78,672",566,846,,"46,000",,"31,826",52,"14,182",153,"4,011,652","723,187","5,547,184",Europe,"7,165,571"
,,,,,,,,,,,,,,,,
96,Cuba,"77,353","1,077",429,4,"72,351",858,"4,573",83,"6,832",38,"3,025,927","267,275","11,321,420",North America,"146,263,904"
,,,,,,,,,,,,,,,,
97,Mozambique,"67,729",,775,,"56,835",,"10,119",,"2,123",24,"482,221","15,114","31,905,591",Africa,"4,714,116,966"
,,,,,,,,,,,,,,,,
98,El Salvador,"64,431",,"2,017",,"61,640",,774,30,"9,896",310,"839,408","128,926","6,510,751",North America,"10,132,288"
,,,,,,,,,,,,,,,,
99,Luxembourg,"61,881",,749,,"57,366",,"3,766",30,"97,669","1,182","2,411,839","3,806,684","633,580",Europe,108460
,,,,,,,,,,,,,,,,
100,Singapore,"60,450",43,30,,"60,176",15,244,1,"10,272",5,"8,546,349","1,452,272","5,884,812",Asia,"971,961,601"
,,,,,,,,,,,,,,,,
101,Cameroon,"57,337",,851,,"51,769",,"4,717",53,"2,121",31,"1,187,367","43,916","27,037,191",Africa,"4,723,177,123"
,,,,,,,,,,,,,,,,
102,Afghanistan,"56,595",23,"2,496",1,"51,798",10,"2,301","1,120","1,430",63,"351,598","8,883","39,580,937",Asia,"69,915,858,113"
,,,,,,,,,,,,,,,,
103,Cyprus,"46,173",,260,,"2,057",,"43,856",46,"38,035",214,"3,349,002","2,758,776","1,213,945",Asia,"2,646,690"
,,,,,,,,,,,,,,,,
104,Namibia,"44,374",,528,,"41,910",,"1,936",33,"17,231",205,"349,054","135,543","2,575,226",Africa,"5,848,777"
,,,,,,,,,,,,,,,,
105,Ivory Coast,"44,326",,247,,"40,739",,"3,340",,"1,650",9,"524,257","19,515","26,863,991",Africa,"60,610,876,151"
,,,,,,,,,,,,,,,,
106,Uganda,"40,924",35,335,,"40,452",,137,,874,7,"945,344","20,195","46,811,736",Africa,"114,413,973,750"
,,,,,,,,,,,,,,,,
107,Botswana,"40,878",,591,,"36,958",,"3,329",1,"17,125",248,"932,633","390,712","2,387,009",Africa,"5,840,393"
,,,,,,,,,,,,,,,,
108,Jamaica,"39,543",,599,,"17,725",,"21,219",52,"13,310",202,"283,592","95,458","2,970,863",North America,"75,496,010"
,,,,,,,,,,,,,,,,
109,Senegal,"38,889",107,"1,056",2,"37,532",98,301,34,"2,278",62,"441,464","25,859","17,071,787",Africa,"4,391,616,639"
,,,,,,,,,,,,,,,,
110,Zimbabwe,"36,896",,"1,523",,"34,698",,675,13,"2,456",101,"382,999","25,492","15,024,557",Africa,"407,986,539"
,,,,,,,,,,,,,,,,
111,Malawi,"33,584",,"1,118",,"30,379",,"2,087",28,"1,722",57,"219,103","11,238","19,497,344",Africa,"5,811,743,989"
,,,,,,,,,,,,,,,,
112,Sudan,"30,111",,"2,063",,"24,214",,"3,834",,675,46,"232,965","5,222","44,611,057",Africa,"148,221,624,191"
,,,,,,,,,,,,,,,,
113,Australia,"29,333",14,909,,"26,290",2,"2,134",,"1,140",35,"15,773,762","613,259","25,721,193",Australia/Oceania,"877,282,962"
,,,,,,,,,,,,,,,,
114,Malta,"29,127",42,395,1,"28,045",94,687,,"65,835",893,"813,463","1,838,642","442,426",Europe,"1,511,201"
,,,,,,,,,,,,,,,,
115,Thailand,"28,947",58,94,,"27,606",58,"1,247",1,414,1,"8,124,896","116,184","69,931,468",Asia,"24,167,439,529"
,,,,,,,,,,,,,,,,
116,DRC,"28,199",,745,,"25,508",,"1,946",,308,8,,,"91,580,756",Africa,"3,248,122,927"
,,,,,,,,,,,,,,,,
117,Madagascar,"24,968",272,444,11,"22,300",168,"2,224",246,885,16,"144,795","5,131","28,220,133",Africa,"113,063,559,195"
,,,,,,,,,,,,,,,,
118,Maldives,"24,379",,67,,"21,282",,"3,030",99,"44,516",122,"653,492","1,193,274","547,646",Asia,"2,281,741"
,,,,,,,,,,,,,,,,
119,Angola,"22,399",,538,,"20,508",,"1,353",12,666,16,"420,085","12,494","33,624,239",Africa,"15,016,249,980"
,,,,,,,,,,,,,,,,
120,Rwanda,"21,918",,308,,"20,308",,"1,302",5,"1,662",23,"1,156,698","87,689","13,190,960",Africa,"6,024,282,811"
,,,,,,,,,,,,,,,,
121,Guinea,"20,228",145,128,1,"16,832",78,"3,268",24,"1,510",10,"408,613","30,499","13,397,388",Africa,"66,210,466,733"
,,,,,,,,,,,,,,,,
122,Gabon,"19,550",,118,,"16,609",,"2,823",24,"8,632",52,"637,354","281,416","2,264,807",Africa,"116,191,934"
,,,,,,,,,,,,,,,,
123,Mayotte,"19,408",,161,,"2,964",,"16,283",17,"69,886",580,"151,773","546,514","277,711",Africa,"1,417,252"
,,,,,,,,,,,,,,,,
124,Syria,"19,039",,"1,274",,"12,855",,"4,910",,"1,069",72,,,"17,816,853",Asia,"93,613,985"
,,,,,,,,,,,,,,,,
125,French Polynesia,"18,633",,141,,"4,842",,"13,650",2,"66,045",500,"26,355","93,416","282,126",Australia/Oceania,"15,200,111"
,,,,,,,,,,,,,,,,
126,Mauritania,"17,878",,449,,"17,125",,304,14,"3,771",95,"206,372","43,534","4,740,474",Africa,"2,651,055,823"
,,,,,,,,,,,,,,,,
127,Cabo Verde,"17,587",,169,,"16,340",,"1,078",23,"31,377",302,"127,554","227,570","560,505",Africa,"3,233,174"
,,,,,,,,,,,,,,,,
128,Eswatini,"17,344",,668,,"16,544",,132,6,"14,835",571,"172,043","147,152","1,169,154",Africa,"6,717,507"
,,,,,,,,,,,,,,,,
129,French Guiana,"17,132",,93,,"9,995",,"7,044",5,"56,275",305,"162,697","534,421","304,436",South America,"1,832,742"
,,,,,,,,,,,,,,,,
130,Réunion,"16,586",,115,,"14,828",,"1,643",54,"18,427",128,"98,785","109,749","900,100",Africa,"5,478,279"
,,,,,,,,,,,,,,,,
131,Tajikistan,"13,308",,90,,"13,218",,0,,"1,372",9,,,"9,697,109",Asia,"729,107,746"
,,,,,,,,,,,,,,,,
132,Haiti,"12,788",,251,,"11,126",,"1,411",,"1,111",22,"54,379","4,726","11,506,476",North America,"90,045,843,212"
,,,,,,,,,,,,,,,,
133,Burkina Faso,"12,774",,149,,"12,420",,205,,599,7,,,"21,328,963",Africa,"1,670,143,147"
,,,,,,,,,,,,,,,,
134,Belize,"12,456",,317,,"12,090",,49,1,"30,907",787,"100,149","248,501","403,012",North America,"3,212,714"
,,,,,,,,,,,,,,,,
135,Andorra,"12,053",,115,,"11,365",,573,12,"155,808","1,487","193,595","2,502,585","77,358",Europe,66730
,,,,,,,,,,,,,,,,
136,Guadeloupe,"11,681",,170,,"2,242",,"9,269",8,"29,190",425,"154,363","385,739","400,175",North America,"3,423,543"
,,,,,,,,,,,,,,,,
137,Hong Kong,"11,500",19,205,,"11,121",13,174,9,"1,525",27,"11,193,673","1,484,071","7,542,543",Asia,"656,367,931"
,,,,,,,,,,,,,,,,
138,Somalia,"11,499",,537,,"4,861",,"6,101",,709,33,,,"16,222,455",Africa,"141,130,209"
,,,,,,,,,,,,,,,,
139,Lesotho,"10,706",,315,,"4,471",,"5,920",,"4,968",146,"67,404","31,278","2,154,971",Africa,"201,684,132"
,,,,,,,,,,,,,,,,
140,Togo,"10,654",,110,,"7,996",,"2,548",,"1,265",13,"276,636","32,843","8,423,092",Africa,"7,917,657,430"
,,,,,,,,,,,,,,,,
141,Guyana,"10,375",,233,,"9,159",,983,12,"13,143",295,"91,231","115,570","789,399",South America,"7,633,889"
,,,,,,,,,,,,,,,,
142,South Sudan,"10,219",22,112,,"9,749",39,358,,905,10,"133,254","11,801","11,291,885",Africa,"110,510,082,085"
,,,,,,,,,,,,,,,,
143,Mali,"10,199",,386,,"6,863",,"2,950",,493,19,"163,104","7,886","20,683,742",Africa,"202,853,585,127"
,,,,,,,,,,,,,,,,
144,Congo,"9,681",,135,,"8,208",,"1,338",,"1,723",24,"92,500","16,462","5,619,090",Africa,"5,804,162,361"
,,,,,,,,,,,,,,,,
145,Aruba,"9,503",,86,,"8,713",,704,8,"88,725",803,"126,431","1,180,429","107,106",North America,"1,112,451"
,,,,,,,,,,,,,,,,
146,Mongolia,"9,327",486,10,2,"5,216",146,"4,101",46,"2,811",3,"2,275,242","685,789","3,317,702",Asia,"3,563,317,701"
,,,,,,,,,,,,,,,,
147,Bahamas,"9,171",,188,,"8,676",,307,3,"23,156",475,"76,691","193,636","396,057",North America,"4,321,075"
,,,,,,,,,,,,,,,,
148,Suriname,"9,122",,177,,"8,598",,347,3,"15,446",300,"44,700","75,690","590,568",South America,"65,333,713"
,,,,,,,,,,,,,,,,
149,Curaçao,"8,834",,38,,"5,330",,"3,466",22,"53,671",231,"73,224","444,871","164,596",North America,"1,943,312"
,,,,,,,,,,,,,,,,
150,Djibouti,"8,431",251,72,1,"6,630",92,"1,729",,"8,442",72,"131,523","131,690","998,733",Africa,"118,138,718"
,,,,,,,,,,,,,,,,
151,Martinique,"8,304",,51,,98,,"8,155",5,"22,141",136,"126,108","336,247","375,046",North America,"4,573,543"
,,,,,,,,,,,,,,,,
152,Trinidad and Tobago,"8,072",,145,,"7,618",,309,14,"5,754",103,"110,530","78,787","1,402,889",North America,"174,967,513"
,,,,,,,,,,,,,,,,
153,Benin,"7,313",,93,,"6,452",,768,35,592,8,"548,484","44,379","12,359,163",Africa,"169,013,289,423"
,,,,,,,,,,,,,,,,
154,Equatorial Guinea,"7,008",,103,,"6,635",,270,14,"4,876",72,"110,205","76,684","1,437,130",Africa,"2,051,395,313"
,,,,,,,,,,,,,,,,
155,Nicaragua,"6,677",,178,,"4,225",,"2,274",,999,27,,,"6,683,501",North America,"100,137,548"
,,,,,,,,,,,,,,,,
156,Papua New Guinea,"6,475",363,60,,846,,"5,569",,714,7,"63,700","7,021","9,073,386",Australia/Oceania,"1,401,151,223,142"
,,,,,,,,,,,,,,,,
157,Iceland,"6,205",,29,,"6,058",,118,1,"18,095",85,"544,007","1,586,475","342,903",Europe,"55,118,241"
,,,,,,,,,,,,,,,,
158,Gambia,"5,459",,165,,"5,070",,224,3,"2,213",67,"55,196","22,373","2,467,075",Africa,"4,521,495,245"
,,,,,,,,,,,,,,,,
159,CAR,"5,222",,72,,"4,957",,193,2,"1,067",15,"38,422","7,853","4,892,420",Africa,"93,767,950,127"
,,,,,,,,,,,,,,,,
160,Niger,"5,021",,187,,"4,641",,193,1,202,8,"889,613","35,793","24,854,710",Africa,"495,013,291,328"
,,,,,,,,,,,,,,,,
161,San Marino,"4,775",1,84,,"4,170",,521,10,"140,503","2,472","53,294","1,568,162","33,985",Europe,74051
,,,,,,,,,,,,,,,,
162,Chad,"4,552",,164,,"4,149",,239,,271,10,"109,238","6,512","16,775,706",Africa,"3,685,102,291,154"
,,,,,,,,,,,,,,,,
163,Yemen,"4,531",,906,,"1,682",,"1,943",23,149,30,"20,872",689,"30,315,045",Asia,"6,691,334,601,452"
,,,,,,,,,,,,,,,,
164,Gibraltar,"4,275",,94,,"4,169",,12,,"126,919","2,791","214,554","6,369,801","33,683",Europe,83580
,,,,,,,,,,,,,,,,
165,Saint Lucia,"4,265",20,61,,"4,142",,62,1,"23,147",331,"36,138","196,128","184,257",North America,"4,330,215"
,,,,,,,,,,,,,,,,
166,Seychelles,"4,259",124,24,2,"3,836",91,399,,"43,106",243,"5,200","52,630","98,803",Africa,"23,411,719"
,,,,,,,,,,,,,,,,
167,Channel Islands,"4,050",,86,,"3,956",,8,1,"23,135",491,"399,901","2,284,326","175,063",Europe,"4,320,360"
,,,,,,,,,,,,,,,,
168,Sierra Leone,"3,981",,79,,"2,814",,"1,088",,492,10,"117,713","14,536","8,097,854",Africa,"203,410,250,469"
,,,,,,,,,,,,,,,,
169,Comoros,"3,704",,146,,"3,536",,22,,"4,193",165,,,"883,397",Africa,"2,386,051"
,,,,,,,,,,,,,,,,
170,Guinea-Bissau,"3,661",,63,,"2,982",,616,16,"1,828",31,"58,922","29,423","2,002,606",Africa,"5,473,178,734"
,,,,,,,,,,,,,,,,
171,Barbados,"3,659",,42,,"3,506",,111,,"12,721",146,"141,529","492,037","287,639",North America,"7,968,492"
,,,,,,,,,,,,,,,,
172,Eritrea,"3,308",,10,,"3,049",,249,,923,3,"23,693","6,612","3,583,100",Africa,"1,083,358,310,151"
,,,,,,,,,,,,,,,,
173,Burundi,"2,842",,6,,773,,"2,063",,234,0.5,"90,019","7,407","12,153,504",Africa,"42,762,025,584,135"
,,,,,,,,,,,,,,,,
174,Liechtenstein,"2,678",3,56,,"2,571",,51,,"70,086","1,466","32,252","844,072","38,210",Europe,146821
,,,,,,,,,,,,,,,,
175,Vietnam,"2,620",3,35,,"2,383",24,202,,27,0.4,"2,598,753","26,519","97,994,405",Asia,"37,402,279,984,038"
,,,,,,,,,,,,,,,,
176,Cambodia,"2,546",69,16,2,"1,256",16,"1,274",,151,0.9,"706,590","41,830","16,891,872",Asia,"6,635,105,574,224"
,,,,,,,,,,,,,,,,
177,New Zealand,"2,501",,26,,"2,408",,67,,500,5,"1,902,915","380,423","5,002,100",Australia/Oceania,"20,001,923,883"
,,,,,,,,,,,,,,,,
178,Turks and Caicos,"2,337",,17,,"2,268",,52,3,"59,758",435,"29,647","758,080","39,108",North America,"1,723,001"
,,,,,,,,,,,,,,,,
179,Monaco,"2,305",,28,,"2,128",,149,7,"58,428",710,"51,953","1,316,933","39,450",Europe,"1,714,091"
,,,,,,,,,,,,,,,,
180,Sao Tome and Principe,"2,232",,34,,"2,108",,90,,"10,045",153,"12,109","54,497","222,194",Africa,"100,653,518"
,,,,,,,,,,,,,,,,
181,Sint Maarten,"2,151",,27,,"2,083",,41,1,"49,746",624,"23,608","545,976","43,240",North America,"2,016,012"
,,,,,,,,,,,,,,,,
182,Liberia,"2,042",,85,,"1,899",,58,2,397,17,"79,684","15,484","5,146,127",Africa,"25,206,054,365"
,,,,,,,,,,,,,,,,
183,St. Vincent Grenadines,"1,754",4,10,,"1,614",27,130,2,"15,773",90,"41,557","373,701","111,204",North America,"63,111,203"
,,,,,,,,,,,,,,,,
184,Saint Martin,"1,659",,12,,"1,399",,248,7,"42,367",306,"23,812","608,101","39,158",North America,"2,432,632"
,,,,,,,,,,,,,,,,
185,Isle of Man,"1,570",,29,,"1,247",,294,,"18,391",340,"44,761","524,318","85,370",Europe,"5,429,442"
,,,,,,,,,,,,,,,,
186,Caribbean Netherlands,"1,411",,11,,"1,127",,273,,"53,435",417,"9,238","349,845","26,406",North America,"1,924,013"
,,,,,,,,,,,,,,,,
187,Bermuda,"1,292",,12,,743,,537,1,"20,803",193,"201,799","3,249,320","62,105",North America,"4,851,750"
,,,,,,,,,,,,,,,,
188,Antigua and Barbuda,"1,152",5,28,,858,1,266,45,"11,691",284,"16,493","167,380","98,536",North America,"8,635,196"
,,,,,,,,,,,,,,,,
189,Mauritius,"1,095",56,12,,688,43,395,,860,9,"289,552","227,393","1,273,353",Africa,"11,631,061,134"
,,,,,,,,,,,,,,,,
190,Taiwan,"1,039",3,10,,987,4,42,,44,0.4,"484,871","20,331","23,849,146",Asia,"22,954,238,491,549"
,,,,,,,,,,,,,,,,
191,Bhutan,889,3,1,,870,1,18,,"1,143",1,"586,497","753,886","777,965",Asia,"8,757,779,651"
,,,,,,,,,,,,,,,,
192,St. Barth,775,,1,,462,,312,,"78,283",101,"21,651","2,186,970","9,900",North America,"1,399,000"
,,,,,,,,,,,,,,,,
193,Diamond Princess,712,,13,,699,,0,,,,,, ,,
,,,,,,,,,,,,,,,,
194,Timor-Leste,677,34, ,,216,24,461,,506,,"44,090","32,973","1,337,167",Asia,"197,530"
,,,,,,,,,,,,,,,,
195,Faeroe Islands,661,,1,,660,,0,,"13,489",20,"241,762","4,933,717","49,002",Europe,"74,490,020"
,,,,,,,,,,,,,,,,
196,Tanzania,509,,21,,183,,305,7,8,0.3,,,"60,997,199",Africa,"1,198,372,904,629"
,,,,,,,,,,,,,,,,
197,Cayman Islands,501,,2,,477,,22,,"7,557",30,"82,843","1,249,536","66,299",North America,"132,331,501"
,,,,,,,,,,,,,,,,
198,Wallis and Futuna,410,1,4,,44,,362,4,"36,970",361,"1,331","120,018","11,090",Australia/Oceania,"2,727,738"
,,,,,,,,,,,,,,,,
199,Brunei ,213,,3,,195,,15,,483,7,"114,397","259,630","440,615",Asia,"20,691,468,724"
,,,,,,,,,,,,,,,,
200,Dominica,164,, ,,157,,7,,"2,274",,"13,376","185,469","72,120",North America,4405
,,,,,,,,,,,,,,,,
201,Grenada,155,,1,,152,,2,,"1,373",9,"23,989","212,454","112,914",North America,"7,281,129,145"
,,,,,,,,,,,,,,,,
202,British Virgin Islands,153,,1,,131,,21,,"5,036",33,"13,223","435,225","30,382",North America,"199,303,822"
,,,,,,,,,,,,,,,,
203,New Caledonia,121,, ,,58,,63,,421,,"28,685","99,756","287,553",Australia/Oceania,"237,610"
,,,,,,,,,,,,,,,,
204,Fiji,67,,2,,64,,1,,74,2,"36,597","40,604","901,313",Australia/Oceania,"1,345,245,065,725"
,,,,,,,,,,,,,,,,
205,Falkland Islands,54,, ,,54,,0,,"15,190",,"7,125","2,004,219","3,555",South America,660
,,,,,,,,,,,,,,,,
206,Laos,49,, ,,46,1,3,,7,,"134,742","18,321","7,354,431",Asia,"15,009,055"
,,,,,,,,,,,,,,,,
207,Macao,48,, ,,48,,0,,73,,"4,369","6,661","655,950",Asia,"13,666,150"
,,,,,,,,,,,,,,,,
208,Saint Kitts and Nevis,44,, ,,44,,0,,823,,"12,381","231,503","53,481",North America,"12,154"
,,,,,,,,,,,,,,,,
209,Greenland,31,, ,,31,,0,,545,,"20,669","363,609","56,844",North America,"18,343"
,,,,,,,,,,,,,,,,
210,Vatican City,27,, ,,15,,12,,"33,624",,,,803,Europe,30
,,,,,,,,,,,,,,,,
211,Anguilla,25,, ,,22,1,3,,"1,655",,"14,579","965,305","15,103",North America,6041
,,,,,,,,,,,,,,,,
212,Saint Pierre Miquelon,24,, ,,24,,0,,"4,157",,"5,126","887,927","5,773",North America,2411
,,,,,,,,,,,,,,,,
213,Montserrat,20,,1,,19,,0,,"4,005",200,"1,313","262,915","4,994",North America,"25,049,944"
,,,,,,,,,,,,,,,,
214,Solomon Islands,19,, ,,18,,1,,27,,"4,500","6,434","699,411",Australia/Oceania,"36,811,155"
,,,,,,,,,,,,,,,,
215,Western Sahara,10,,1,,8,,1,,16,2,,,"608,261",Africa,"60,826,608,261"
,,,,,,,,,,,,,,,,
216,MS Zaandam,9,,2,,7,,0,,,,,, ,,
,,,,,,,,,,,,,,,,
217,Marshall Islands,4,, ,,4,,0,,67,,,,"59,489",Australia/Oceania,"14,872"
,,,,,,,,,,,,,,,,
218,Samoa,3,, ,,2,,1,,15,,,,"199,402",Australia/Oceania,"66,467"
,,,,,,,,,,,,,,,,
219,Vanuatu,3,, ,,1,,2,,10,,470,"1,504","312,485",Australia/Oceania,"104,162,665"
